Paper ID	Biological Process	Title	Current Tags
WBPaper00005475.ce.mr.paper	aging | GO:0007568	Transcriptional profile of aging in C. elegans.	Method: microarray|Species: Caenorhabditis elegans|Topic: aging|Topic: mitochondrion
WBPaper00005976.ce.mr.paper	aging | GO:0007568	Genes that act downstream of DAF-16 to influence the lifespan of Caenorhabditis elegans.	Method: microarray|Species: Caenorhabditis elegans|Topic: aging|Topic: mitochondrion
WBPaper00006365.ce.mr.paper	aging | GO:0007568	Comparing genomic expression patterns across species identifies shared transcriptional profile in aging.	Method: microarray|Species: Caenorhabditis elegans
WBPaper00013462.ce.mr.paper	aging | GO:0007568	Microarray analysis of gene expression with age in individual nematodes.	Method: microarray|Species: Caenorhabditis elegans|Topic: aging|Topic: mitochondrion
WBPaper00024278.ce.mr.paper	aging | GO:0007568	Shared transcriptional signature in Caenorhabditis elegans Dauer larvae and long-lived daf-2 mutants implicates detoxification system in longevity assurance.	Method: microarray|Species: Caenorhabditis elegans|Topic: aging|Topic: mitochondrion
WBPaper00027339.ce.mr.paper	aging | GO:0007568	The nuclear hormone receptor DAF-12 has opposing effects on Caenorhabditis elegans lifespan and regulates genes repressed in multiple long-lived worms.	Method: microarray|Species: Caenorhabditis elegans
WBPaper00028564.ce.mr.paper	aging | GO:0007568	Delayed development and lifespan extension as features of metabolic lifestyle alteration in C. elegans under dietary restriction.	Method: microarray|Species: Caenorhabditis elegans
WBPaper00028789.ce.mr.paper	aging | GO:0007568	p38 MAPK regulates expression of immune response genes and contributes to longevity in C. elegans.	Method: microarray|Species: Caenorhabditis elegans|Topic: aging|Topic: mitochondrion|Topic: defense response|Topic: defense response to other organism
WBPaper00029334.ce.mr.paper	aging | GO:0007568	Decline of nucleotide excision repair capacity in aging Caenorhabditis elegans.	Method: microarray|Species: Caenorhabditis elegans|Topic: aging|Topic: mitochondrion|Topic: DNA repair|Topic: global genome nucleotide-excision repair|Topic: DNA damage response, detection of DNA damage
WBPaper00032062.ce.mr.paper	aging | GO:0007568	An elt-3/elt-5/elt-6 GATA transcription circuit guides aging in C. elegans.	Method: microarray|Species: Caenorhabditis elegans|Topic: aging|Topic: mitochondrion
WBPaper00032165.ce.mr.paper	aging | GO:0007568	Age-related behaviors have distinct transcriptional profiles in Caenorhabditis elegans.	Method: microarray|Species: Caenorhabditis elegans|Topic: aging|Topic: mitochondrion
WBPaper00035479.ce.mr.paper	aging | GO:0007568	Glucose shortens the life span of C. elegans by downregulating DAF-16/FOXO activity and aquaporin gene expression.	Method: microarray|Species: Caenorhabditis elegans
WBPaper00035504.ce.mr.paper	aging | GO:0007568	Divergent mechanisms controlling hypoxic sensitivity and lifespan by the DAF-2/insulin/IGF-receptor pathway.	Method: microarray|Species: Caenorhabditis elegans|Topic: aging|Topic: mitochondrion
WBPaper00036135.ce.mr.paper	aging | GO:0007568	A two-tiered compensatory response to loss of DNA repair modulates aging and stress response pathways.	Method: microarray|Species: Caenorhabditis elegans
WBPaper00036256.ce.mr.paper	aging | GO:0007568	Insulin/IGF-1 signaling mutants reprogram ER stress response regulators to promote longevity.	Method: microarray|Species: Caenorhabditis elegans|Topic: mRNA splicing via endonucleolytic cleavage and ligation involved in unfolded protein response|Topic: endoplasmic reticulum unfolded protein response|Topic: endoplasmic reticulum
WBPaper00036383.ce.mr.paper	aging | GO:0007568	Members of the H3K4 trimethylation complex regulate lifespan in a germline-dependent manner in C. elegans.	Method: microarray|Species: Caenorhabditis elegans
WBPaper00037624.ce.mr.paper	aging | GO:0007568	ETS-4 is a transcriptional regulator of life span in Caenorhabditis elegans.	Method: microarray|Species: Caenorhabditis elegans
WBPaper00038172.ce.mr.paper	aging | GO:0007568	Lifespan extension induced by AMPK and calcineurin is mediated by CRTC-1 and CREB.	Method: microarray|Species: Caenorhabditis elegans
WBPaper00038462.ce.mr.paper	aging | GO:0007568	A decline in p38 MAPK signaling underlies immunosenescence in Caenorhabditis elegans.	Method: microarray|Species: Caenorhabditis elegans|Topic: innate immune response
WBPaper00039835.ce.mr.paper	aging | GO:0007568	Life span extension via eIF4G inhibition is mediated by posttranscriptional remodeling of stress response gene expression in C. elegans.	Method: microarray|Species: Caenorhabditis elegans|Topic: aging|Topic: mitochondrion
WBPaper00039878.ce.mr.paper	aging | GO:0007568	Extension of lifespan in C. elegans by naphthoquinones that act through stress hormesis mechanisms.	Method: microarray|Species: Caenorhabditis elegans
WBPaper00040116.ce.mr.paper	aging | GO:0007568	Lifespan-extending effects of royal jelly and its related substances on the nematode Caenorhabditis elegans.	Method: microarray|Species: Caenorhabditis elegans
WBPaper00040184.ce.mr.paper	aging | GO:0007568	The evolutionarily conserved longevity determinants HCF-1 and SIR-2.1/SIRT1 collaborate to regulate DAF-16/FOXO.	Method: microarray|Species: Caenorhabditis elegans
WBPaper00040327.ce.mr.paper	aging | GO:0007568	Transgenerational epigenetic inheritance of longevity in Caenorhabditis elegans.	Method: microarray|Species: Caenorhabditis elegans
WBPaper00040603.ce.mr.paper	aging | GO:0007568	Caenorhabditis elegans RNA-processing protein TDP-1 regulates protein homeostasis and life span.	Method: microarray|Species: Caenorhabditis elegans
WBPaper00040858.ce.mr.paper	aging | GO:0007568	Aging Uncouples Heritability and Expression-QTL in Caenorhabditis elegans	Method: microarray|Species: Caenorhabditis elegans
WBPaper00040959.ce.rs.paper	aging | GO:0007568	Impaired insulin/IGF1 signaling extends life span by promoting mitochondrial L-proline catabolism to induce a transient ROS signal.	Method: RNAseq|Species: Caenorhabditis elegans
WBPaper00040963.ce.mr.paper	aging | GO:0007568	Meta-Analysis of Global Transcriptomics Suggests that Conserved Genetic Pathways are Responsible for Quercetin and Tannic Acid Mediated Longevity in C. elegans.	Method: microarray|Species: Caenorhabditis elegans
WBPaper00041906.ce.mr.paper	aging | GO:0007568	Anti-inflammatory Lactobacillus rhamnosus CNCM I-3690 strain protects against oxidative stress and increases lifespan in Caenorhabditis elegans.	Method: microarray|Species: Caenorhabditis elegans
WBPaper00042034.ce.rs.paper	aging | GO:0007568	Bacterial nitric oxide extends the lifespan of C. elegans.	Method: RNAseq|Species: Caenorhabditis elegans
WBPaper00042296.ce.rs.paper	aging | GO:0007568	DAF-16 employs the chromatin remodeller SWI/SNF to promote stress resistance and longevity.	Method: RNAseq|Species: Caenorhabditis elegans
WBPaper00044005.ce.mr.paper	aging | GO:0007568	PQM-1 complements DAF-16 as a key transcriptional regulator of DAF-2-mediated development and longevity.	Method: microarray|Species: Caenorhabditis elegans
WBPaper00044037.ce.rs.paper	aging | GO:0007568	Dietary restriction induced longevity is mediated by nuclear receptor NHR-62 in Caenorhabditis elegans.	Method: RNAseq|Species: Caenorhabditis elegans
WBPaper00044163.ce.mr.paper	aging | GO:0007568	DNA damage leads to progressive replicative decline but extends the life span of long-lived mutant animals.	Method: microarray|Species: Caenorhabditis elegans
WBPaper00044535.ce.mr.paper	aging | GO:0007568	Males shorten the life span of C. elegans hermaphrodites via secreted compounds.	Method: microarray|Species: Caenorhabditis elegans
WBPaper00044638.ce.mr.paper	aging | GO:0007568	Germline signaling mediates the synergistically prolonged longevity produced by double mutations in daf-2 and rsks-1 in C. elegans.	Method: microarray|Species: Caenorhabditis elegans
WBPaper00045036.ce.mr.paper	aging | GO:0007568	A novel kinase regulates dietary restriction-mediated longevity in Caenorhabditis elegans.	Method: microarray|Species: Caenorhabditis elegans
WBPaper00046496.ce.mr.paper	aging | GO:0007568	Rifampicin reduces advanced glycation end products and activates DAF-16 to increase lifespan in Caenorhabditis elegans.	Method: microarray|Species: Caenorhabditis elegans
WBPaper00051304.ce.mr.paper	aging | GO:0007568	Transcription factors CEP-1/p53 and CEH-23 collaborate with AAK-2/AMPK to modulate longevity in Caenorhabditis elegans.	Method: microarray|Species: Caenorhabditis elegans
WBPaper00053427.ce.mr.paper	aging | GO:0007568	Transcriptome States Reflect Imaging of Aging States.	Method: microarray|Species: Caenorhabditis elegans
WBPaper00032031_2.ce.mr.paper	aging | GO:0007568, innate immune response | GO:0045087	Anti-fungal innate immunity in C. elegans is enhanced by evolutionary diversification of antimicrobial peptides.	Method: microarray|Species: Caenorhabditis elegans|Topic: aging|Topic: mitochondrion|Topic: defense response|Topic: defense response to other organism|Topic: innate immune response
WBPaper00032031.ce.mr.paper	aging | GO:0007568, innate immune response | GO:0045087	Anti-fungal innate immunity in C. elegans is enhanced by evolutionary diversification of antimicrobial peptides.	Method: microarray|Species: Caenorhabditis elegans|Topic: aging|Topic: mitochondrion|Topic: defense response|Topic: defense response to other organism|Topic: innate immune response
WBPaper00045571.ce.mr.paper	aging | GO:0007568, innate immune response | GO:0045087	A functional genomic screen for evolutionarily conserved genes required for lifespan and immunity in germline-deficient C. elegans.	Method: microarray|Species: Caenorhabditis elegans|Topic: aging|Topic: mitochondrion|Topic: defense response|Topic: defense response to other organism|Topic: innate immune response|Tissue Specific
WBPaper00032430.ce.mr.paper	aging | GO:0007568, response to starvation | GO:0042594	Signalling through RHEB-1 mediates intermittent fasting-induced longevity in C. elegans.	Method: microarray|Species: Caenorhabditis elegans
WBPaper00037682.ce.mr.paper	aging | GO:0007568, Tissue Specific: germline	TGF- and insulin signaling regulate reproductive aging via oocyte and germline quality maintenance.	Method: microarray|Species: Caenorhabditis elegans|Topic: programmed cell death|Topic: apoptotic DNA fragmentation|Topic: apoptotic process|Topic: engulfment of apoptotic cell|Tissue Specific
WBPaper00005859.ce.mr.paper	dauer larval development | GO:0040024	gene expression – general of dauer gene expression in Caenorhabditis elegans.	Method: microarray|Species: Caenorhabditis elegans
WBPaper00024393.ce.mr.paper	dauer larval development | GO:0040024	Regulation of signaling genes by TGFbeta during entry into dauer diapause in C. elegans.	Method: microarray|Species: Caenorhabditis elegans|Topic: dauer larval development
WBPaper00034739.ce.mr.paper	dauer larval development | GO:0040024	Natural variation in gene expression in the early development of dauer larvae of Caenorhabditis elegans.	Method: microarray|Species: Caenorhabditis elegans|Topic: dauer larval development
WBPaper00038237.ce.mr.paper	dauer larval development | GO:0040024	Co-regulation of the DAF-16 target gene, cyp-35B1/dod-13, by HSF-1 in C. elegans dauer larvae and daf-2 insulin pathway mutants.	Method: microarray|Species: Caenorhabditis elegans
WBPaper00041207.ce.mr.paper	dauer larval development | GO:0040024	Divergent gene expression in the conserved dauer stage of the nematodes Pristionchus pacificus and Caenorhabditis elegans.	Method: microarray|Species: Caenorhabditis elegans
WBPaper00041207.ppa.mr.paper	dauer larval development | GO:0040024	Divergent gene expression in the conserved dauer stage of the nematodes Pristionchus pacificus and Caenorhabditis elegans.	Method: microarray|Species: Pristionchus pacificus
WBPaper00044578.ce.mr.paper	dauer larval development | GO:0040024	Molecular strategies of the Caenorhabditis elegans dauer larva to survive extreme desiccation.	Method: microarray|Species: Caenorhabditis elegans
WBPaper00050488.ce.mr.paper	dauer larval development | GO:0040024	MicroRNA mir-34 provides robustness to environmental stress response via the DAF-16 network in C. elegans.	Method: microarray|Species: Caenorhabditis elegans
WBPaper00041876.ce.mr.paper	dauer larval development | GO:0040024, aging | GO:0007568	Genes that act downstream of sensory neurons to influence longevity, dauer formation, and pathogen responses in Caenorhabditis elegans.	Method: microarray|Species: Caenorhabditis elegans
WBPaper00004489.ce.mr.paper	developmental time course	Genome-wide analysis of developmental and sex-regulated gene expression profiles in Caenorhabditis elegans.	Method: microarray|Species: Caenorhabditis elegans|Topic: Wnt signaling pathway|Topic: canonical Wnt signaling pathway
WBPaper00004386.ce.mr.paper	developmental time course	Genomic analysis of gene expression in C. elegans.	Method: microarray|Species: Caenorhabditis elegans|Topic: developmental process|Topic: developmental growth|Topic: regulation of developmental growth|Topic: regulation of developmental process|Tissue Specific
WBPaper00041190.cbg.mr.paper	developmental time course	Developmental milestones punctuate gene expression in the Caenorhabditis embryo.	Method: microarray|Species: Caenorhabditis briggsae
WBPaper00041190.cbn.mr.paper	developmental time course	Developmental milestones punctuate gene expression in the Caenorhabditis embryo.	Method: microarray|Species: Caenorhabditis brenneri
WBPaper00041190.ce.mr.paper	developmental time course	Developmental milestones punctuate gene expression in the Caenorhabditis embryo.	Method: microarray|Species: Caenorhabditis elegans
WBPaper00041190.cja.mr.paper	developmental time course	Developmental milestones punctuate gene expression in the Caenorhabditis embryo.	Method: microarray|Species: Caenorhabditis japonica
WBPaper00041190.cre.mr.paper	developmental time course	Developmental milestones punctuate gene expression in the Caenorhabditis embryo.	Method: microarray|Species: Caenorhabditis remanei
WBPaper00042241.bma.rs.paper	developmental time course	A deep sequencing approach to comparatively analyze the transcriptome of lifecycle stages of the filarial worm, Brugia malayi.	Method: RNAseq|Species: Brugia malayi
WBPaper00044760.cbg.rs.paper	developmental time course	Conservation of mRNA and protein expression during development of C. elegans.	Method: RNAseq|Species: Caenorhabditis briggsae
WBPaper00044760.ce.rs.paper	developmental time course	Conservation of mRNA and protein expression during development of C. elegans.	Method: RNAseq|Species: Caenorhabditis elegans
WBPaper00037950.ce.tr.paper	developmental time course, Tissue Specific: neuron, Tissue Specific: muscle, Tissue Specific: other	TilingArray: A spatial and temporal map of C. elegans gene expression.	Method: tiling array|Species: Caenorhabditis elegans|Tissue Specific
WBPaper00005751.ce.mr.paper	disease	Gene expression analysis in a transgenic Caenorhabditis elegans Alzheimer's disease model.	Method: microarray|Species: Caenorhabditis elegans
WBPaper00024375.ce.mr.paper	disease	Genetic analysis of pathways regulated by the von Hippel-Lindau tumor suppressor in Caenorhabditis elegans.	Method: microarray|Species: Caenorhabditis elegans
WBPaper00028949.ce.mr.paper	disease	Identification of ciliary and ciliopathy genes in Caenorhabditis elegans through comparative genomics.	Method: microarray|Species: Caenorhabditis elegans
WBPaper00035654.ce.mr.paper	disease	Global microRNA expression profiling of Caenorhabditis elegans Parkinson's disease models.	Method: microarray|Species: Caenorhabditis elegans
WBPaper00045934.ce.rs.paper	disease	Expression profile of Caenorhabditis elegans mutant for the Werner syndrome gene ortholog reveals the impact of vitamin C on development to increase life span.	Method: RNAseq|Species: Caenorhabditis elegans
WBPaper00046102.ce.mr.paper	disease	Identifying A-specific pathogenic mechanisms using a nematode model of Alzheimer's disease.	Method: microarray|Species: Caenorhabditis elegans
WBPaper00038427.ce.mr.paper	DNA binding | GO:0003677	Chromosome-biased binding and gene regulation by the Caenorhabditis elegans DRM complex.	Method: microarray|Species: Caenorhabditis elegans|Tissue Specific
WBPaper00044545.ce.mr.paper	DNA binding | GO:0003677	Opposing activities of DRM and MES-4 tune gene expression and X-chromosome repression in Caenorhabditis elegans germ cells.	Method: microarray|Species: Caenorhabditis elegans|Tissue Specific
WBPaper00038060.ce.mr.paper	DNA repair | GO:0006281	Overexpression of SUMO perturbs the growth and development of Caenorhabditis elegans.	Method: microarray|Species: Caenorhabditis elegans
WBPaper00032976.ce.mr.paper	dosage compensation | GO:0007549	A condensin-like dosage compensation complex acts at a distance to control expression throughout the genome.	Method: microarray|Species: Caenorhabditis elegans|Topic: dosage compensation by hypoactivation of X chromosome|Topic: dosage compensation
WBPaper00035408.ce.mr.paper	dosage compensation | GO:0007549	The C. elegans dosage compensation complex propagates dynamically and independently of X chromosome sequence.	Method: microarray|Species: Caenorhabditis elegans
WBPaper00038180.ce.mr.paper	dosage compensation | GO:0007549	An MLL/COMPASS subunit functions in the C. elegans dosage compensation complex to target X chromosomes for transcriptional regulation of gene expression.	Method: microarray|Species: Caenorhabditis elegans
WBPaper00044197.ce.mr.paper	dosage compensation | GO:0007549	SUMOylation is essential for sex-specific assembly and function of the Caenorhabditis elegans dosage compensation complex on X chromosomes.	Method: microarray|Species: Caenorhabditis elegans
WBPaper00005767.ce.mr.paper	embryo development | GO:0009790	Composition and dynamics of the Caenorhabditis elegans early embryonic transcriptome.	Method: microarray|Species: Caenorhabditis elegans|Topic: embryo development|Topic: gene expression
WBPaper00005303.ce.mr.paper	gene expression - general	A gene expression – general of Caenorhabditis elegans operons.	Method: microarray|Species: Caenorhabditis elegans
WBPaper00031443.ce.rs.paper	gene expression - general	Whole-genome sequencing and variant discovery in C. elegans.	Method: RNAseq|Species: Caenorhabditis elegans
WBPaper00032529.cbg.rs.paper	gene expression - general	Massively parallel sequencing of the polyadenylated transcriptome of C. elegans.	Method: RNAseq|Species: Caenorhabditis briggsae|Tissue Specific
WBPaper00032529.cbn.rs.paper	gene expression - general	Massively parallel sequencing of the polyadenylated transcriptome of C. elegans.	Method: RNAseq|Species: Caenorhabditis brenneri|Tissue Specific
WBPaper00032529.cja.rs.paper	gene expression - general	Massively parallel sequencing of the polyadenylated transcriptome of C. elegans.	Method: RNAseq|Species: Caenorhabditis japonica|Tissue Specific
WBPaper00032529.cre.rs.paper	gene expression - general	Massively parallel sequencing of the polyadenylated transcriptome of C. elegans.	Method: RNAseq|Species: Caenorhabditis remanei|Tissue Specific
WBPaper00036038.ppa.rs.paper	gene expression - general	Proteogenomics of Pristionchus pacificus reveals distinct proteome structure of nematode models.	Method: RNAseq|Species: Pristionchus pacificus
WBPaper00037732.ce.rs.paper	gene expression - general	Scaffolding a Caenorhabditis nematode genome with RNA-seq.	Method: RNAseq|Species: Caenorhabditis elegans
WBPaper00037948.ce.rs.paper	gene expression - general	Multimodal RNA-seq using single-strand, double-strand, and CircLigase-based capture yields a refined and extended description of the C. elegans transcriptome.	Method: RNAseq|Species: Caenorhabditis elegans
WBPaper00037949.ce.mr.paper	gene expression - general	High nucleosome occupancy is encoded at X-linked gene promoters in C. elegans.	Method: microarray|Species: Caenorhabditis elegans
WBPaper00037953.ce.rs.paper	gene expression - general	Integrative analysis of the Caenorhabditis elegans genome by the modENCODE project.	Method: RNAseq|Species: Caenorhabditis elegans|Tissue Specific
WBPaper00041271.cbg.rs.paper	gene expression - general	RNA-seq analysis of the C. briggsae transcriptome.	Method: RNAseq|Species: Caenorhabditis briggsae
WBPaper00041689.cbg.rs.paper	gene expression - general	Simplification and desexualization of gene expression in self-fertile nematodes.	Method: RNAseq|Species: Caenorhabditis briggsae
WBPaper00041689.cbn.rs.paper	gene expression - general	Simplification and desexualization of gene expression in self-fertile nematodes.	Method: RNAseq|Species: Caenorhabditis brenneri
WBPaper00041689.ce.rs.paper	gene expression - general	Simplification and desexualization of gene expression in self-fertile nematodes.	Method: RNAseq|Species: Caenorhabditis elegans
WBPaper00041689.cja.rs.paper	gene expression - general	Simplification and desexualization of gene expression in self-fertile nematodes.	Method: RNAseq|Species: Caenorhabditis japonica
WBPaper00041689.cre.rs.paper	gene expression - general	Simplification and desexualization of gene expression in self-fertile nematodes.	Method: RNAseq|Species: Caenorhabditis remanei
WBPaper00044391.ce.rs.paper	gene expression - general	Large-scale detection of in vivo transcription errors.	Method: RNAseq|Species: Caenorhabditis elegans
WBPaper00045465.cbg.rs.paper	gene expression - general	Conserved translatome remodeling in nematode species executing a shared developmental transition.	Method: RNAseq|Species: Caenorhabditis briggsae
WBPaper00045465.cbn.rs.paper	gene expression - general	Conserved translatome remodeling in nematode species executing a shared developmental transition.	Method: RNAseq|Species: Caenorhabditis brenneri
WBPaper00045465.ce.rs.paper	gene expression - general	Conserved translatome remodeling in nematode species executing a shared developmental transition.	Method: RNAseq|Species: Caenorhabditis elegans
WBPaper00045465.cre.rs.paper	gene expression - general	Conserved translatome remodeling in nematode species executing a shared developmental transition.	Method: RNAseq|Species: Caenorhabditis remanei
WBPaper00048910.ce.ms.paper	gene expression - general	Conserved mRNA-binding proteomes in eukaryotic organisms.	Method: proteomics|Species: Caenorhabditis elegans
WBPaper00050091.ce.ms.paper	gene expression - general	Polar Positioning of Phase-Separated Liquid Compartments in Cells Regulated by an mRNA Competition Mechanism.	Method: proteomics|Species: Caenorhabditis elegans
WBPaper00050919.ce.ms.paper	gene expression - general	The genomic basis of parasitism in the Strongyloides clade of nematodes.	Method: proteomics|Species: Caenorhabditis elegans
WBPaper00038011.ce.mr.paper	gene expression - general	Few gene expression differences between C. elegans grown in liquid versus on plates	Method: microarray|Species: Caenorhabditis elegans
WBPaper00031252.ce.mr.paper	gene silencing by miRNA | GO:0035195	Systematic identification of C. elegans miRISC proteins, miRNAs, and mRNA targets by their interactions with GW182 proteins AIN-1 and AIN-2.	Method: microarray|Species: Caenorhabditis elegans|Topic: regulation of pre-miRNA processing|Topic: regulation of primary miRNA processing|Topic: production of miRNAs involved in gene silencing by miRNA
WBPaper00035084.ce.mr.paper	gene silencing by miRNA | GO:0035195	Systematic analysis of dynamic miRNA-target interactions during C. elegans development.	Method: microarray|Species: Caenorhabditis elegans
WBPaper00035664.ce.mr.paper	gene silencing by miRNA | GO:0035195	Many families of C. elegans microRNAs are not essential for development or viability.	Method: microarray|Species: Caenorhabditis elegans
WBPaper00035973.ce.mr.paper	gene silencing by miRNA | GO:0035195	The microRNA miR-124 controls gene expression in the sensory nervous system of Caenorhabditis elegans.	Method: microarray|Species: Caenorhabditis elegans
WBPaper00036130.ce.mr.paper	gene silencing by miRNA | GO:0035195	MicroRNA-directed siRNA biogenesis in Caenorhabditis elegans.	Method: microarray|Species: Caenorhabditis elegans|Topic: regulation of pre-miRNA processing|Topic: regulation of primary miRNA processing|Topic: production of miRNAs involved in gene silencing by miRNA
WBPaper00040925.ce.mr.paper	gene silencing by miRNA | GO:0035195	RIP-chip-SRM--a new combinatorial large-scale approach identifies a set of translationally regulated bantam/miR-58 targets in C. elegans.	Method: microarray|Species: Caenorhabditis elegans
WBPaper00041361.ce.rs.paper	gene silencing by miRNA | GO:0035195	Contributions of mRNA abundance, ribosome loading, and post- or peri-translational effects to temporal repression of C. elegans heterochronic miRNA targets.	Method: RNAseq|Species: Caenorhabditis elegans
WBPaper00050903.ce.mr.paper	gene silencing by miRNA | GO:0035195	A microRNA family exerts maternal control on sex determination in C. elegans.	Method: microarray|Species: Caenorhabditis elegans
WBPaper00044857.ce.mr.paper	unclassified	Use of an activated beta-catenin to identify Wnt pathway target genes in caenorhabditis elegans, including a subset of collagen genes expressed in late larval development.	Method: microarray|Species: Caenorhabditis elegans|Topic: Wnt signaling pathway|Topic: canonical Wnt signaling pathway
WBPaper00045417.ce.mr.paper	unclassified	The Wnt receptor Ryk reduces neuronal and cell survival capacity by repressing FOXO activity during the early phases of mutant huntingtin pathogenicity.	Method: microarray|Species: Caenorhabditis elegans|Topic: Wnt signaling pathway|Topic: canonical Wnt signaling pathway|Tissue Specific
WBPaper00046887.ce.mr.paper	unclassified	Identification of Wnt Pathway Target Genes Regulating the Division and Differentiation of Larval Seam Cells and Vulval Precursor Cells in Caenorhabditis elegans.	Method: microarray|Species: Caenorhabditis elegans|Topic: Wnt signaling pathway|Topic: canonical Wnt signaling pathway
WBPaper00037953.ce.tr.paper	innate immune response | GO:0045087	TilingArray: Integrative analysis of the Caenorhabditis elegans genome by the modENCODE project.	Method: tiling array|Species: Caenorhabditis elegans|Tissue Specific
WBPaper00006488.ce.mr.paper	innate immune response | GO:0045087	TLR-independent control of innate immunity in Caenorhabditis elegans by the TIR domain adaptor protein TIR-1, an ortholog of human SARM.	Method: microarray|Species: Caenorhabditis elegans|Topic: defense response|Topic: defense response to other organism|Topic: innate immune response
WBPaper00027722.ce.mr.paper	innate immune response | GO:0045087	Genomic clusters, putative pathogen recognition molecules, and antimicrobial genes are induced by infection of C. elegans with M. nematophilum.	Method: microarray|Species: Caenorhabditis elegans
WBPaper00028482.ce.mr.paper	innate immune response | GO:0045087	A conserved role for a GATA transcription factor in regulating epithelial innate immune responses.	Method: microarray|Species: Caenorhabditis elegans|Topic: innate immune response
WBPaper00029437.ce.mr.paper	innate immune response | GO:0045087	Genes misregulated in C. elegans deficient in Dicer, RDE-4, or RDE-1 are enriched for innate immunity genes.	Method: microarray|Species: Caenorhabditis elegans|Topic: innate immune response
WBPaper00030985.ce.mr.paper	innate immune response | GO:0045087	Genome-wide investigation reveals pathogen-specific and shared signatures in the response of Caenorhabditis elegans to infection.	Method: microarray|Species: Caenorhabditis elegans
WBPaper00032276.ce.mr.paper	innate immune response | GO:0045087	Pseudomonas aeruginosa suppresses host immunity by activating the DAF-2 insulin-like signaling pathway in Caenorhabditis elegans.	Method: microarray|Species: Caenorhabditis elegans|Topic: defense response|Topic: defense response to other organism|Topic: innate immune response
WBPaper00033094.ce.mr.paper	innate immune response | GO:0045087	Antifungal innate immunity in C. elegans: PKCdelta links G protein signaling and a conserved p38 MAPK cascade.	Method: microarray|Species: Caenorhabditis elegans|Topic: defense response|Topic: defense response to other organism|Topic: innate immune response
WBPaper00035891.ce.mr.paper	innate immune response | GO:0045087	bZIP transcription factor zip-2 mediates an early response to Pseudomonas aeruginosa infection in Caenorhabditis elegans.	Method: microarray|Species: Caenorhabditis elegans|Topic: innate immune response
WBPaper00035892.ce.mr.paper	innate immune response | GO:0045087	A conserved PMK-1/p38 MAPK is required in caenorhabditis elegans tissue-specific immune response to Yersinia pestis infection.	Method: microarray|Species: Caenorhabditis elegans
WBPaper00036464.ce.mr.paper	innate immune response | GO:0045087	Distinct pathogenesis and host responses during infection of C. elegans by P. aeruginosa and S. aureus.	Method: microarray|Species: Caenorhabditis elegans
WBPaper00039851.ce.mr.paper	innate immune response | GO:0045087	Candida albicans infection of Caenorhabditis elegans induces antifungal immune defenses.	Method: microarray|Species: Caenorhabditis elegans|Topic: innate immune response
WBPaper00040410.ce.mr.paper	innate immune response | GO:0045087	Novel roles of Caenorhabditis elegans heterochromatin protein HP1 and linker histone in the regulation of innate immune gene expression.	Method: microarray|Species: Caenorhabditis elegans|Topic: defense response|Topic: defense response to other organism|Topic: innate immune response
WBPaper00040990.ce.mr.paper	innate immune response | GO:0045087	Dissociation of immune responses from pathogen colonization supports pattern recognition in C. elegans.	Method: microarray|Species: Caenorhabditis elegans|Topic: innate immune response
WBPaper00041163.ce.mr.paper	innate immune response | GO:0045087	Genomic analysis of immune response against Vibrio cholerae hemolysin in Caenorhabditis elegans.	Method: microarray|Species: Caenorhabditis elegans|Topic: innate immune response|Topic: response to unfolded protein|Topic: endoplasmic reticulum|Topic: mitochondrion|Topic: cytosol
WBPaper00041466.ppa.mr.paper	innate immune response | GO:0045087	Genome-wide analysis of germline signaling genes regulating longevity and innate immunity in the nematode Pristionchus pacificus.	Method: microarray|Species: Pristionchus pacificus
WBPaper00041606.ce.mr.paper	innate immune response | GO:0045087	System wide analysis of the evolution of innate immunity in the nematode model species Caenorhabditis elegans and Pristionchus pacificus.	Method: microarray|Species: Caenorhabditis elegans|Topic: innate immune response
WBPaper00041606.ppa.mr.paper	innate immune response | GO:0045087	System wide analysis of the evolution of innate immunity in the nematode model species Caenorhabditis elegans and Pristionchus pacificus.	Method: microarray|Species: Pristionchus pacificus|Topic: innate immune response
WBPaper00042574.ce.mr.paper	innate immune response | GO:0045087	Competition between virus-derived and endogenous small RNAs regulates gene expression in Caenorhabditis elegans.	Method: microarray|Species: Caenorhabditis elegans
WBPaper00044013.ce.mr.paper	innate immune response | GO:0045087	New role for DCR-1/dicer in Caenorhabditis elegans innate immunity against the highly virulent bacterium Bacillus thuringiensis DB27.	Method: microarray|Species: Caenorhabditis elegans|Topic: innate immune response
WBPaper00044091.ce.mr.paper	innate immune response | GO:0045087	Burkholderia pseudomallei suppresses Caenorhabditis elegans immunity by specific degradation of a GATA transcription factor.	Method: microarray|Species: Caenorhabditis elegans|Topic: defense response|Topic: defense response to other organism|Topic: innate immune response
WBPaper00045918.ce.mr.paper	innate immune response | GO:0045087	Recovery from an acute infection in C. elegans requires the GATA transcription factor ELT-2.	Method: microarray|Species: Caenorhabditis elegans|Topic: defense response|Topic: defense response to other organism|Topic: innate immune response
WBPaper00046083.ce.mr.paper	innate immune response | GO:0045087	Conserved nutrient sensor O-GlcNAc transferase is integral to C. elegans pathogen-specific immunity.	Method: microarray|Species: Caenorhabditis elegans|Topic: defense response|Topic: defense response to other organism|Topic: innate immune response
WBPaper00046858.ce.mr.paper	innate immune response | GO:0045087	The Developmental Intestinal Regulator ELT-2 Controls p38-Dependent Immune Responses in Adult C. elegans.	Method: microarray|Species: Caenorhabditis elegans|Topic: innate immune response
WBPaper00048490.ce.mr.paper	innate immune response | GO:0045087	s-Adenosylmethionine Levels Govern Innate Immunity through Distinct Methylation-Dependent Pathways.	Method: microarray|Species: Caenorhabditis elegans|Topic: defense response|Topic: defense response to other organism|Topic: innate immune response
WBPaper00048530.ce.mr.paper	innate immune response | GO:0045087	The Conserved G-Protein Coupled Receptor FSHR-1 Regulates Protective Host Responses to Infection and Oxidative Stress.	Method: microarray|Species: Caenorhabditis elegans
WBPaper00050096.ce.mr.paper	innate immune response | GO:0045087	Role of GATA transcription factor ELT-2 and p38 MAPK PMK-1 in recovery from acute P. aeruginosa infection in C. elegans.	Method: microarray|Species: Caenorhabditis elegans|Topic: defense response|Topic: defense response to other organism
WBPaper00050515.ce.mr.paper	innate immune response | GO:0045087	Tribbles ortholog NIPI-3 and bZIP transcription factor CEBP-1 regulate a Caenorhabditis elegans intestinal immune surveillance pathway.	Method: microarray|Species: Caenorhabditis elegans|Topic: innate immune response
WBPaper00050712.ce.mr.paper	innate immune response | GO:0045087	Natural Genetic Variation in the Caenorhabditis elegans Response to Pseudomonas aeruginosa.	Method: microarray|Species: Caenorhabditis elegans
WBPaper00051448.ce.mr.paper	innate immune response | GO:0045087	A conserved mitochondrial surveillance pathway is required for defense against Pseudomonas aeruginosa.	Method: microarray|Species: Caenorhabditis elegans|Topic: defense response|Topic: defense response to other organism|Topic: innate immune response
WBPaper00053020.ce.mr.paper	innate immune response | GO:0045087	An Alternative STAT Signaling Pathway Acts in Viral Immunity in Caenorhabditis elegans.	Method: microarray|Species: Caenorhabditis elegans
WBPaper00041174.ce.mr.paper	innate immune response | GO:0045087, response to osmotic stress | GO:0006970	A genomic bias for genotype-environment interactions in C. elegans.	Method: microarray|Species: Caenorhabditis elegans
WBPaper00038304.ce.mr.paper	innate immune response | GO:0045087, response to unfolded protein | GO:0006986	Neuronal GPCR controls innate immunity by regulating noncanonical unfolded protein response genes.	Method: microarray|Species: Caenorhabditis elegans|Topic: innate immune response|Topic: response to unfolded protein|Topic: endoplasmic reticulum|Topic: mitochondrion|Topic: cytosol
WBPaper00024532.ce.mr.paper	lipid metabolic process | GO:0006629	Monomethyl branched-chain fatty acids play an essential role in Caenorhabditis elegans development.	Method: microarray|Species: Caenorhabditis elegans
WBPaper00035560.ce.mr.paper	lipid metabolic process | GO:0006629	Fatty acid composition and gene expression profiles are altered in aryl hydrocarbon receptor-1 mutant Caenorhabditis elegans.	Method: microarray|Species: Caenorhabditis elegans
WBPaper00046678.ce.mr.paper	lipid metabolic process | GO:0006629	A Lipid-TORC1 Pathway Promotes Neuronal Development and Foraging Behavior under Both Fed and Fasted Conditions in C.elegans.	Method: microarray|Species: Caenorhabditis elegans
WBPaper00046981.ce.ms.paper	lipid metabolic process | GO:0006629	Lipidomic and proteomic analysis of Caenorhabditis elegans lipid droplets and identification of ACS-4 as a lipid droplet-associated protein.	Method: proteomics|Species: Caenorhabditis elegans
WBPaper00025099.ce.mr.paper	natural variant	The transcriptional consequences of mutation and natural selection in Caenorhabditis elegans.	Method: microarray|Species: Caenorhabditis elegans
WBPaper00028962.ce.mr.paper	natural variant	Mapping determinants of gene expression plasticity by genetical genomics in C. elegans.	Method: microarray|Species: Caenorhabditis elegans
WBPaper00036286.ce.mr.paper	natural variant	Genome-wide gene expression regulation as a function of genotype and age in C. elegans.	Method: microarray|Species: Caenorhabditis elegans
WBPaper00046067.cbn.rs.paper	natural variant	Comparative population genomics in animals uncovers the determinants of genetic diversity.	Method: RNAseq|Species: Caenorhabditis brenneri
WBPaper00049380.ce.mr.paper	natural variant	Natural Genetic Variation Influences Protein Abundances in C. elegans Developmental Signalling Pathways.	Method: microarray|Species: Caenorhabditis elegans|Topic: programmed cell death|Topic: apoptotic DNA fragmentation|Topic: apoptotic process|Topic: engulfment of apoptotic cell|Topic: Wnt signaling pathway|Topic: canonical Wnt signaling pathway
WBPaper00028948.ce.mr.paper	programmed cell death | GO:0012501	Regulation of developmental rate and germ cell proliferation in Caenorhabditis elegans by the p53 gene network.	Method: microarray|Species: Caenorhabditis elegans|Topic: cell death|Topic: programmed cell death|Topic: apoptotic DNA fragmentation|Topic: apoptotic process|Topic: engulfment of apoptotic cell
WBPaper00032022.ce.mr.paper	programmed cell death | GO:0012501	Transcriptional profiling in C. elegans suggests DNA damage dependent apoptosis as an ancient function of the p53 family.	Method: microarray|Species: Caenorhabditis elegans|Topic: programmed cell death|Topic: apoptotic DNA fragmentation|Topic: apoptotic process|Topic: engulfment of apoptotic cell
WBPaper00036291.ce.mr.paper	programmed cell death | GO:0012501	Loss of Caenorhabditis elegans UNG-1 uracil-DNA glycosylase affects apoptosis in response to DNA damaging agents.	Method: microarray|Species: Caenorhabditis elegans|Topic: programmed cell death|Topic: apoptotic DNA fragmentation|Topic: apoptotic process|Topic: engulfment of apoptotic cell
WBPaper00005124.ce.mr.paper	response to chemical | GO:0042221	Caenorhabditis elegans as an environmental monitor using DNA microarray analysis.	Method: microarray|Species: Caenorhabditis elegans
WBPaper00006465.ce.mr.paper	response to chemical | GO:0042221	Ethanol-response genes and their regulation analyzed by a microarray and comparative genomic approach in the nematode Caenorhabditis elegans.	Method: microarray|Species: Caenorhabditis elegans
WBPaper00029087.ce.mr.paper	response to chemical | GO:0042221	Differential gene expression of Caenorhabditis elegans grown on unmethylated sterols or 4alpha-methylsterols.	Method: microarray|Species: Caenorhabditis elegans
WBPaper00030811.ce.mr.paper	response to chemical | GO:0042221	Toxicogenomic analysis of Caenorhabditis elegans reveals novel genes and pathways involved in the resistance to cadmium toxicity.	Method: microarray|Species: Caenorhabditis elegans|Topic: stress response to metal ion
WBPaper00031703.ce.mr.paper	response to chemical | GO:0042221	Haem homeostasis is regulated by the conserved and concerted functions of HRG-1 proteins.	Method: microarray|Species: Caenorhabditis elegans
WBPaper00031850.ce.mr.paper	response to chemical | GO:0042221	The Mediator subunit MDT-15 confers metabolic adaptation to ingested material.	Method: microarray|Species: Caenorhabditis elegans|Topic: stress response to metal ion
WBPaper00033070.ce.mr.paper	response to chemical | GO:0042221	Gene expression profiling to characterize sediment toxicity--a pilot study using Caenorhabditis elegans whole genome microarrays.	Method: microarray|Species: Caenorhabditis elegans|Topic: stress response to metal ion
WBPaper00033099.ce.mr.paper	response to chemical | GO:0042221	Distinct patterns of gene and protein expression elicited by organophosphorus pesticides in Caenorhabditis elegans.	Method: microarray|Species: Caenorhabditis elegans
WBPaper00034661.ce.mr.paper	response to chemical | GO:0042221	Ecotoxicity of silver nanoparticles on the soil nematode Caenorhabditis elegans using functional ecotoxicogenomics.	Method: microarray|Species: Caenorhabditis elegans|Topic: stress response to metal ion
WBPaper00036123.ce.mr.paper	response to chemical | GO:0042221	Linking toxicant physiological mode of action with induced gene expression changes in Caenorhabditis elegans.	Method: microarray|Species: Caenorhabditis elegans|Topic: stress response to metal ion
WBPaper00037113.ce.mr.paper	response to chemical | GO:0042221	Genome-wide gene expression analysis in response to organophosphorus pesticide chlorpyrifos and diazinon in C. elegans.	Method: microarray|Species: Caenorhabditis elegans
WBPaper00037704.ce.mr.paper	response to chemical | GO:0042221	Characterization of the xenobiotic response of Caenorhabditis elegans to the anthelmintic drug albendazole and the identification of novel drug glucoside metabolites.	Method: microarray|Species: Caenorhabditis elegans
WBPaper00040210.ce.mr.paper	response to chemical | GO:0042221	Gene expression modifications by temperature-toxicants interactions in Caenorhabditis elegans.	Method: microarray|Species: Caenorhabditis elegans
WBPaper00040808.ce.mr.paper	response to chemical | GO:0042221	The transcriptional response of Caenorhabditis elegans to Ivermectin exposure identifies novel genes involved in the response to reduced food intake.	Method: microarray|Species: Caenorhabditis elegans
WBPaper00041002.ce.mr.paper	response to chemical | GO:0042221	The Nematode Caenorhabditis elegans, Stress and Aging: Identifying the Complex Interplay of Genetic Pathways Following the Treatment with Humic Substances.	Method: microarray|Species: Caenorhabditis elegans
WBPaper00041211.ce.mr.paper	response to chemical | GO:0042221	Stimulation of host immune defenses by a small molecule protects C. elegans from bacterial infection.	Method: microarray|Species: Caenorhabditis elegans|Topic: defense response|Topic: defense response to other organism|Topic: innate immune response
WBPaper00042067.ce.mr.paper	response to chemical | GO:0042221	The Caenorhabditis elegans JNK signaling pathway activates expression of stress response genes by derepressing the Fos/HDAC repressor complex.	Method: microarray|Species: Caenorhabditis elegans
WBPaper00042331.ce.mr.paper	response to chemical | GO:0042221	Molecular characterization of toxicity mechanism of single-walled carbon nanotubes.	Method: microarray|Species: Caenorhabditis elegans
WBPaper00042340.ce.mr.paper	response to chemical | GO:0042221	Alterations in gene expression in Caenorhabditis elegans associated with organophosphate pesticide intoxication and recovery.	Method: microarray|Species: Caenorhabditis elegans
WBPaper00042404.ce.mr.paper	response to chemical | GO:0042221	A cocoa peptide protects Caenorhabditis elegans from oxidative stress and -amyloid peptide toxicity.	Method: microarray|Species: Caenorhabditis elegans
WBPaper00043980.ce.mr.paper	response to chemical | GO:0042221	Genomic analysis of stress response against arsenic in Caenorhabditis elegans.	Method: microarray|Species: Caenorhabditis elegans
WBPaper00044260.ce.rs.paper	response to chemical | GO:0042221	Role of sirtuins in lifespan regulation is linked to methylation of nicotinamide.	Method: RNAseq|Species: Caenorhabditis elegans
WBPaper00044316.ce.mr.paper	response to chemical | GO:0042221	Comparative toxicogenomic responses of mercuric and methyl-mercury.	Method: microarray|Species: Caenorhabditis elegans|Topic: stress response to metal ion
WBPaper00044426.ce.rs.paper	response to chemical | GO:0042221	Neuronal ROS signaling rather than AMPK/sirtuin-mediated energy sensing links dietary restriction to lifespan extension.	Method: RNAseq|Species: Caenorhabditis elegans
WBPaper00045374.ce.mr.paper	response to chemical | GO:0042221	Integrative assessment of benzene exposure to Caenorhabditis elegans using computational behavior and toxicogenomic analyses.	Method: microarray|Species: Caenorhabditis elegans
WBPaper00045437.ce.mr.paper	response to chemical | GO:0042221	Toxic-selenium and low-selenium transcriptomes in Caenorhabditis elegans: toxic selenium up-regulates oxidoreductase and down-regulates cuticle-associated genes.	Method: microarray|Species: Caenorhabditis elegans
WBPaper00045807_2.ce.mr.paper	response to chemical | GO:0042221	Neurotoxic action of microcystin-LR is reflected in the transcriptional stress response of Caenorhabditis elegans.	Method: microarray|Species: Caenorhabditis elegans
WBPaper00045807.ce.mr.paper	response to chemical | GO:0042221	Neurotoxic action of microcystin-LR is reflected in the transcriptional stress response of Caenorhabditis elegans.	Method: microarray|Species: Caenorhabditis elegans
WBPaper00046511.ce.rs.paper	response to chemical | GO:0042221	The genome and transcriptome of the zoonotic hookworm Ancylostoma ceylanicum identify infection-specific gene families.	Method: RNAseq|Species: Caenorhabditis elegans
WBPaper00046523.ce.mr.paper	response to chemical | GO:0042221	Pharmacologic targeting of sirtuin and PPAR signaling improves longevity and mitochondrial physiology in respiratory chain complex I mutant Caenorhabditis elegans.	Method: microarray|Species: Caenorhabditis elegans
WBPaper00046548.ce.mr.paper	response to chemical | GO:0042221	The nuclear receptor DAF-12 regulates nutrient metabolism and reproductive growth in nematodes.	Method: microarray|Species: Caenorhabditis elegans
WBPaper00046639.ce.mr.paper	response to chemical | GO:0042221	Gene expression profiling to investigate tyrosol-induced lifespan extension in Caenorhabditis elegans.	Method: microarray|Species: Caenorhabditis elegans
WBPaper00046853.ce.mr.paper	response to chemical | GO:0042221	Adsorbable organic bromine compounds (AOBr) in aquatic samples: a nematode-based toxicogenomic assessment of the exposure hazard.	Method: microarray|Species: Caenorhabditis elegans
WBPaper00047021.ce.mr.paper	response to chemical | GO:0042221	A systems toxicology approach on the mechanism of uptake and toxicity of MWCNT in Caenorhabditis elegans.	Method: microarray|Species: Caenorhabditis elegans
WBPaper00048573.ce.ms.paper	response to chemical | GO:0042221	NeuCode Labeling in Nematodes: Proteomic and Phosphoproteomic Impact of Ascaroside Treatment in Caenorhabditis elegans.	Method: proteomics|Species: Caenorhabditis elegans
WBPaper00048989.ce.mr.paper	response to chemical | GO:0042221	A network pharmacology approach reveals new candidate caloric restriction mimetics in C. elegans.	Method: microarray|Species: Caenorhabditis elegans
WBPaper00049311.ce.mr.paper	response to chemical | GO:0042221	Distinct transcriptomic responses of Caenorhabditis elegans to pristine and sulfidized silver nanoparticles.	Method: microarray|Species: Caenorhabditis elegans|Topic: stress response to metal ion
WBPaper00050079.ce.mr.paper	response to chemical | GO:0042221	A High-Content, Phenotypic Screen Identifies Fluorouridine as an Inhibitor of Pyoverdine Biosynthesis and Pseudomonas aeruginosa Virulence.	Method: microarray|Species: Caenorhabditis elegans
WBPaper00050494.ce.mr.paper	response to chemical | GO:0042221	A systems toxicology approach reveals the Wnt-MAPK crosstalk pathway mediated reproductive failure in Caenorhabditis elegans exposed to graphene oxide (GO) but not to reduced graphene oxide (rGO).	Method: microarray|Species: Caenorhabditis elegans
WBPaper00050767.ce.mr.paper	response to chemical | GO:0042221	Octopamine enhances oxidative stress resistance through the fasting-responsive transcription factor DAF-16/FOXO inC.elegans.	Method: microarray|Species: Caenorhabditis elegans
WBPaper00051079.ce.mr.paper	response to chemical | GO:0042221	Tomatidine enhances lifespan and healthspan in C. elegans through mitophagy induction via the SKN-1/Nrf2 pathway.	Method: microarray|Species: Caenorhabditis elegans
WBPaper00051437.ce.mr.paper	response to chemical | GO:0042221	Toxicogenomics of iron oxide nanoparticles in the nematode C. elegans.	Method: microarray|Species: Caenorhabditis elegans
WBPaper00051555.ce.mr.paper	response to chemical | GO:0042221	NAD(+) Replenishment Improves Lifespan and Healthspan in Ataxia Telangiectasia Models via Mitophagy and DNA Repair.	Method: microarray|Species: Caenorhabditis elegans
WBPaper00052845.ce.mr.paper	response to chemical | GO:0042221	Proanthocyanidin trimer gallate modulates lipid deposition and fatty acid desaturation in Caenorhabditis elegans.	Method: microarray|Species: Caenorhabditis elegans
WBPaper00053092.ce.mr.paper	response to chemical | GO:0042221	Transcriptome analysis reveals molecular anthelmintic effects of procyanidins in C. elegans.	Method: microarray|Species: Caenorhabditis elegans
WBPaper00042179.ce.rs.paper	response to chemical | GO:0042221, aging | GO:0007568	Mitochondrial hormesis links low-dose arsenite exposure to lifespan extension.	Method: RNAseq|Species: Caenorhabditis elegans
WBPaper00040821.ce.mr.paper	response to chemical | GO:0042221, programmed cell death | GO:0012501	Toxicogenomic responses of the model organism Caenorhabditis elegans to gold nanoparticles.	Method: microarray|Species: Caenorhabditis elegans|Topic: programmed cell death|Topic: apoptotic DNA fragmentation|Topic: apoptotic process|Topic: engulfment of apoptotic cell|Topic: response to unfolded protein|Topic: endoplasmic reticulum|Topic: mitochondrion|Topic: cytosol|Topic: stress response to metal ion
WBPaper00045263.ce.mr.paper	response to chemical | GO:0042221, programmed cell death | GO:0012501	The intrinsic apoptosis pathway mediates the pro-longevity response to mitochondrial ROS in C. elegans.	Method: microarray|Species: Caenorhabditis elegans
WBPaper00026596.ce.mr.paper	response to hypoxia | GO:0001666	Roles of the HIF-1 hypoxia-inducible factor during hypoxia response in Caenorhabditis elegans.	Method: microarray|Species: Caenorhabditis elegans
WBPaper00034757.ce.mr.paper	response to hypoxia | GO:0001666	Oxidative stress and longevity in Caenorhabditis elegans as mediated by SKN-1.	Method: microarray|Species: Caenorhabditis elegans
WBPaper00035873.ce.mr.paper	response to osmotic stress | GO:0006970	Genetic and physiological activation of osmosensitive gene expression mimics transcriptional signatures of pathogen infection in C. elegans.	Method: microarray|Species: Caenorhabditis elegans
WBPaper00034636.ce.mr.paper	response to radiation | GO:0009314	Low-intensity microwave irradiation does not substantially alter gene expression in late larval and adult Caenorhabditis elegans.	Method: microarray|Species: Caenorhabditis elegans
WBPaper00035429.ce.mr.paper	response to radiation | GO:0009314	Nucleotide excision repair genes are expressed at low levels and are not detectably inducible in Caenorhabditis elegans somatic tissues, but their function is required for normal adult life after UVC exposure.	Method: microarray|Species: Caenorhabditis elegans
WBPaper00041300.ce.mr.paper	response to radiation | GO:0009314	Radiation-induced genomic instability in Caenorhabditis elegans.	Method: microarray|Species: Caenorhabditis elegans
WBPaper00041939.ce.mr.paper	response to radiation | GO:0009314, response to chemical | GO:0042221	Effects of early life exposure to ultraviolet C radiation on mitochondrial DNA content, transcription, ATP production, and oxygen consumption in developing Caenorhabditis elegans.	Method: microarray|Species: Caenorhabditis elegans
WBPaper00053505.ce.mr.paper	response to radiation | GO:0009314, response to chemical | GO:0042221	JAK/STAT and TGF-B activation as potential adverse outcome pathway of TiO2NPs phototoxicity in Caenorhabditis elegans.	Method: microarray|Species: Caenorhabditis elegans
WBPaper00047070_1.ce.mr.paper	response to radiation | GO:0009314, response to starvation | GO:0042594, DNA repair | GO:0006281	DAF-16/FOXO and EGL-27/GATA promote developmental growth in response to persistent somatic DNA damage.	Method: microarray|Species: Caenorhabditis elegans
WBPaper00047070_2.ce.mr.paper	response to radiation | GO:0009314, response to starvation | GO:0042594, DNA repair | GO:0006281	DAF-16/FOXO and EGL-27/GATA promote developmental growth in response to persistent somatic DNA damage.	Method: microarray|Species: Caenorhabditis elegans
WBPaper00032948.ce.mr.paper	response to starvation | GO:0042594	RNA Pol II accumulates at promoters of growth genes during developmental arrest.	Method: microarray|Species: Caenorhabditis elegans
WBPaper00036090.ce.mr.paper	response to starvation | GO:0042594	Dynamic O-GlcNAc cycling at promoters of Caenorhabditis elegans genes regulating longevity, stress, and immunity.	Method: microarray|Species: Caenorhabditis elegans
WBPaper00042204.ce.mr.paper	response to starvation | GO:0042594	Integration of metabolic and gene regulatory networks modulates the C. elegans dietary response.	Method: microarray|Species: Caenorhabditis elegans
WBPaper00044128.ce.ms.paper	response to starvation | GO:0042594	Reduced insulin/insulin-like growth factor-1 signaling and dietary restriction inhibit translation but preserve muscle mass in Caenorhabditis elegans.	Method: proteomics|Species: Caenorhabditis elegans
WBPaper00046795.ce.ms.paper	response to starvation | GO:0042594	Global Proteomics Analysis of the Response to Starvation in C. elegans.	Method: proteomics|Species: Caenorhabditis elegans
WBPaper00048637.ce.mr.paper	response to starvation | GO:0042594	The tumor suppressor Rb critically regulates starvation-induced stress response in C. elegans.	Method: microarray|Species: Caenorhabditis elegans
WBPaper00049364.ce.mr.paper	response to starvation | GO:0042594	A Systems Approach to Reverse Engineer Lifespan Extension by Dietary Restriction.	Method: microarray|Species: Caenorhabditis elegans
WBPaper00050520.ce.mr.paper	response to starvation | GO:0042594	Starvation-Induced Stress Response Is Critically Impacted by Ceramide Levels in Caenorhabditis elegans.	Method: microarray|Species: Caenorhabditis elegans|Topic: ceramide biosynthetic process
WBPaper00053236.ce.mr.paper	response to starvation | GO:0042594	daf-16/FoxO promotes gluconeogenesis and trehalose synthesis during starvation to support survival.	Method: microarray|Species: Caenorhabditis elegans
WBPaper00053481.ce.mr.paper	response to starvation | GO:0042594	The Sexual Dimorphism of Dietary Restriction Responsiveness in Caenorhabditis elegans.	Method: microarray|Species: Caenorhabditis elegans
WBPaper00041960.ce.mr.paper	response to starvation | GO:0042594, aging | GO:0007568	A fasting-responsive signaling pathway that extends life span in C. elegans.	Method: microarray|Species: Caenorhabditis elegans
WBPaper00050538.ce.mr.paper	response to starvation | GO:0042594, aging | GO:0007568	Cholesterol regulates DAF-16 nuclear localization and fasting-induced longevity in C. elegans.	Method: microarray|Species: Caenorhabditis elegans
WBPaper00051247.ce.mr.paper	response to starvation | GO:0042594, aging | GO:0007568	The MicroRNA Machinery Regulates Fasting-Induced Changes in Gene Expression and Longevity in Caenorhabditis elegans.	Method: microarray|Species: Caenorhabditis elegans
WBPaper00005280.ce.mr.paper	response to temperature stimulus | GO:0009266	Identification of a novel cis-regulatory element involved in the heat shock response in Caenorhabditis elegans using microarray gene expression and computational methods.	Method: microarray|Species: Caenorhabditis elegans
WBPaper00037147.ce.mr.paper	response to temperature stimulus | GO:0009266	Insulin-like signaling determines survival during stress via posttranscriptional mechanisms in C. elegans.	Method: microarray|Species: Caenorhabditis elegans
WBPaper00037695.ce.mr.paper	response to temperature stimulus | GO:0009266	Genome-wide analysis of light- and temperature-entrained circadian transcripts in Caenorhabditis elegans.	Method: microarray|Species: Caenorhabditis elegans
WBPaper00046212.ce.mr.paper	response to temperature stimulus | GO:0009266	Natural RNA interference directs a heritable response to the environment.	Method: microarray|Species: Caenorhabditis elegans
WBPaper00049736.ce.mr.paper	response to temperature stimulus | GO:0009266	Sperm Affects Head Sensory Neuron in Temperature Tolerance of Caenorhabditis elegans.	Method: microarray|Species: Caenorhabditis elegans
WBPaper00053254.ce.mr.paper	response to temperature stimulus | GO:0009266	Hsp90-downregulation influences the heat-shock response, innate immune response and onset of oocyte development in nematodes.	Method: microarray|Species: Caenorhabditis elegans
WBPaper00039792.ce.mr.paper	response to temperature stimulus | GO:0009266 	Regulation of behavioral plasticity by systemic temperature signaling in Caenorhabditis elegans.	Method: microarray|Species: Caenorhabditis elegans
WBPaper00005432.ce.mr.paper	response to unfolded protein | GO:0006986	A survival pathway for Caenorhabditis elegans with a blocked unfolded protein response.	Method: microarray|Species: Caenorhabditis elegans|Topic: mRNA splicing via endonucleolytic cleavage and ligation involved in unfolded protein response|Topic: endoplasmic reticulum unfolded protein response|Topic: endoplasmic reticulum|Topic: ER-associated misfolded protein catabolic process|Topic: response to unfolded protein|Topic: mitochondrion|Topic: cytosol
WBPaper00026830.ce.mr.paper	response to unfolded protein | GO:0006986	Genetic interactions due to constitutive and inducible gene regulation mediated by the unfolded protein response in C. elegans.	Method: microarray|Species: Caenorhabditis elegans|Topic: mRNA splicing via endonucleolytic cleavage and ligation involved in unfolded protein response|Topic: endoplasmic reticulum unfolded protein response|Topic: endoplasmic reticulum|Topic: response to unfolded protein|Topic: mitochondrion|Topic: cytosol
WBPaper00026929.ce.mr.paper	response to unfolded protein | GO:0006986	A role for SIR-2.1 regulation of ER stress response genes in determining C. elegans life span.	Method: microarray|Species: Caenorhabditis elegans|Topic: mRNA splicing via endonucleolytic cleavage and ligation involved in unfolded protein response|Topic: endoplasmic reticulum unfolded protein response|Topic: endoplasmic reticulum|Topic: response to unfolded protein|Topic: mitochondrion|Topic: cytosol
WBPaper00033126.ce.mr.paper	response to unfolded protein | GO:0006986	IRE-1 and HSP-4 contribute to energy homeostasis via fasting-induced lipases in C. elegans.	Method: microarray|Species: Caenorhabditis elegans|Topic: mRNA splicing via endonucleolytic cleavage and ligation involved in unfolded protein response|Topic: endoplasmic reticulum unfolded protein response|Topic: endoplasmic reticulum|Topic: response to unfolded protein|Topic: mitochondrion|Topic: cytosol
WBPaper00041370.ce.mr.paper	response to unfolded protein | GO:0006986	Mitochondrial import efficiency of ATFS-1 regulates mitochondrial UPR activation.	Method: microarray|Species: Caenorhabditis elegans|Topic: mitochondrial unfolded protein response|Topic: mitochondrion|Topic: response to unfolded protein|Topic: endoplasmic reticulum|Topic: cytosol
WBPaper00045460.ce.ms.paper	response to unfolded protein | GO:0006986	Intestinal amino acid availability via PEPT-1 affects TORC1/2 signaling and the unfolded protein response.	Method: proteomics|Species: Caenorhabditis elegans|Topic: response to unfolded protein|Topic: endoplasmic reticulum|Topic: mitochondrion|Topic: cytosol
WBPaper00045971.ce.rs.paper	response to unfolded protein | GO:0006986	The RtcB RNA ligase is an essential component of the metazoan unfolded protein response.	Method: RNAseq|Species: Caenorhabditis elegans|Topic: mRNA splicing via endonucleolytic cleavage and ligation involved in unfolded protein response|Topic: endoplasmic reticulum unfolded protein response|Topic: endoplasmic reticulum
WBPaper00049538.ce.mr.paper	response to unfolded protein | GO:0006986	Maintenance and propagation of a deleterious mitochondrial genome by the mitochondrial unfolded protein response.	Method: microarray|Species: Caenorhabditis elegans|Topic: mitochondrial unfolded protein response|Topic: mitochondrion
WBPaper00050407.ce.mr.paper	response to unfolded protein | GO:0006986	Lipid Biosynthesis Coordinates a Mitochondrial-to-Cytosolic Stress Response.	Method: microarray|Species: Caenorhabditis elegans|Topic: mitochondrial unfolded protein response|Topic: mitochondrion
WBPaper00027111.ce.mr.paper	RNA interference | GO:0016246	Interacting endogenous and exogenous RNAi pathways in Caenorhabditis elegans.	Method: microarray|Species: Caenorhabditis elegans
WBPaper00031070.ce.mr.paper	RNA interference | GO:0016246	Whole genome microarray analysis of C. elegans rrf-3 and eri-1 mutants.	Method: microarray|Species: Caenorhabditis elegans
WBPaper00032425.ce.mr.paper	RNA interference | GO:0016246	RNA interference and retinoblastoma-related genes are required for repression of endogenous siRNA targets in Caenorhabditis elegans.	Method: microarray|Species: Caenorhabditis elegans
WBPaper00035588.ce.mr.paper	RNA interference | GO:0016246	Comprehensive discovery of endogenous Argonaute binding sites in Caenorhabditis elegans.	Method: microarray|Species: Caenorhabditis elegans
WBPaper00038226.ce.rs.paper	RNA interference | GO:0016246	EGO-1, a C. elegans RdRP, modulates gene expression via production of mRNA-templated short antisense RNAs.	Method: RNAseq|Species: Caenorhabditis elegans
WBPaper00040911.ce.mr.paper	RNA interference | GO:0016246	Developmental characterization of the microRNA-specific C. elegans Argonautes alg-1 and alg-2.	Method: microarray|Species: Caenorhabditis elegans|Topic: regulation of pre-miRNA processing|Topic: regulation of primary miRNA processing|Topic: production of miRNAs involved in gene silencing by miRNA
WBPaper00044827.ce.rs.paper	RNA interference | GO:0016246	The dsRBP and inactive editor ADR-1 utilizes dsRNA binding to regulate A-to-I RNA editing across the C. elegans transcriptome.	Method: RNAseq|Species: Caenorhabditis elegans
WBPaper00031662.ce.mr.paper	space flight	Genomic response of the nematode Caenorhabditis elegans to spaceflight.	Method: microarray|Species: Caenorhabditis elegans
WBPaper00038519_2.ce.mr.paper	space flight	The effectiveness of RNAi in Caenorhabditis elegans is maintained during spaceflight.	Method: microarray|Species: Caenorhabditis elegans|Topic: RNA interference
WBPaper00038519.ce.mr.paper	space flight	The effectiveness of RNAi in Caenorhabditis elegans is maintained during spaceflight.	Method: microarray|Species: Caenorhabditis elegans|Topic: RNA interference
WBPaper00041267.ce.mr.paper	space flight	Genes down-regulated in spaceflight are involved in the control of longevity in Caenorhabditis elegans.	Method: microarray|Species: Caenorhabditis elegans
WBPaper00051538.ce.mr.paper	space flight	Microgravity elicits reproducible alterations in cytoskeletal and metabolic gene and protein expression in space-flown Caenorhabditis elegans.	Method: microarray|Species: Caenorhabditis elegans
WBPaper00040985.ce.mr.paper	Tissue Specific: alimentary system, Tissue Specific: muscle	Systematic analysis of tissue-restricted miRISCs reveals a broad role for microRNAs in suppressing basal activity of the C. elegans pathogen response.	Method: microarray|Species: Caenorhabditis elegans|Topic: defense response|Topic: defense response to other organism|Tissue Specific
WBPaper00051223.ce.mr.paper	Tissue Specific: alimentary system, Tissue Specific: neuron	Characterization of gene expression associated with the adaptation of the nematode C. elegans to hypoxia and reoxygenation stress reveals an unexpected function of the neuroglobin GLB-5 in innate immunity.	Method: microarray|Species: Caenorhabditis elegans|Tissue Specific
WBPaper00004349.ce.mr.paper	Tissue Specific: germline	A global profile of germline gene expression in C. elegans.	Method: microarray|Species: Caenorhabditis elegans
WBPaper00006390.ce.mr.paper	Tissue Specific: germline	Genome-wide germline-enriched and sex-biased expression profiles in Caenorhabditis elegans.	Method: microarray|Species: Caenorhabditis elegans
WBPaper00027758.ce.mr.paper	Tissue Specific: germline	Promotion of oogenesis and embryogenesis in the C. elegans gonad by EFL-1/DPL-1 (E2F) does not require LIN-35 (pRB).	Method: microarray|Species: Caenorhabditis elegans|Tissue Specific
WBPaper00041688.ce.mr.paper	Tissue Specific: germline	Antagonism between MES-4 and Polycomb repressive complex 2 promotes appropriate gene expression in C. elegans germ cells.	Method: microarray|Species: Caenorhabditis elegans|Tissue Specific
WBPaper00044616.ce.rs.paper	Tissue Specific: germline	Argonautes promote male fertility and provide a paternal memory of germline gene expression in C. elegans.	Method: RNAseq|Species: Caenorhabditis elegans|Tissue Specific
WBPaper00044954.ce.rs.paper	Tissue Specific: germline	Characterisation of Caenorhabditis elegans sperm transcriptome and proteome.	Method: RNAseq|Species: Caenorhabditis elegans|Tissue Specific
WBPaper00045521.ce.rs.paper	Tissue Specific: germline	A new dataset of spermatogenic vs. oogenic transcriptomes in the nematode Caenorhabditis elegans.	Method: RNAseq|Species: Caenorhabditis elegans|Topic: oogenesis|Topic: spermatogenesis|Tissue Specific
WBPaper00046805.ce.rs.paper	Tissue Specific: germline	CSR-1 and P granules suppress sperm-specific transcription in the C. elegans germline.	Method: RNAseq|Species: Caenorhabditis elegans|Tissue Specific
WBPaper00026950.ce.mr.paper	Tissue Specific: germline, response to starvation | GO:0042594	Comparative analysis of SAGE and microarray technologies for global transcription profiling of development in Caenorhabditis elegans	Method: microarray|Species: Caenorhabditis elegans|Tissue Specific
WBPaper00005428.ce.mr.paper	Tissue Specific: muscle	Chromosomal clustering of muscle-expressed genes in Caenorhabditis elegans.	Method: microarray|Species: Caenorhabditis elegans|Topic: gene expression|Topic: somatic muscle development|Tissue Specific
WBPaper00031003.ce.mr.paper	Tissue Specific: muscle	The embryonic muscle transcriptome of Caenorhabditis elegans.	Method: microarray|Species: Caenorhabditis elegans|Topic: somatic muscle development|Tissue Specific
WBPaper00040426.ce.mr.paper	Tissue Specific: muscle	Caenorhabditis elegans cyclin D/CDK4 and cyclin E/CDK2 induce distinct cell cycle re-entry programs in differentiated muscle cells.	Method: microarray|Species: Caenorhabditis elegans|Tissue Specific
WBPaper00005356.ce.mr.paper	Tissue Specific: neuron	Identification of genes expressed in C. elegans touch receptor neurons.	Method: microarray|Species: Caenorhabditis elegans|Tissue Specific
WBPaper00024671.ce.mr.paper	Tissue Specific: neuron	Identification of thermosensory and olfactory neuron-specific genes via expression profiling of single neuron types.	Method: microarray|Species: Caenorhabditis elegans|Topic: sensory perception of smell|Topic: defecation|Topic: defecation rhythm|Tissue Specific
WBPaper00025141.ce.mr.paper	Tissue Specific: neuron	A gene expression fingerprint of C. elegans embryonic motor neurons.	Method: microarray|Species: Caenorhabditis elegans|Tissue Specific
WBPaper00029115.ce.mr.paper	Tissue Specific: neuron	UNC-4 represses CEH-12/HB9 to specify synaptic inputs to VA motor neurons in C. elegans.	Method: microarray|Species: Caenorhabditis elegans|Tissue Specific
WBPaper00030839.ce.mr.paper	Tissue Specific: neuron	Cell-specific microarray profiling experiments reveal a comprehensive picture of gene expression in the C. elegans nervous system.	Method: microarray|Species: Caenorhabditis elegans|Tissue Specific
WBPaper00031532.ce.mr.paper	Tissue Specific: neuron	Complementary RNA amplification methods enhance microarray identification of transcripts expressed in the C. elegans nervous system.	Method: microarray|Species: Caenorhabditis elegans
WBPaper00035424.ce.mr.paper	Tissue Specific: neuron	Single-cell transcriptional analysis of taste sensory neuron pair in Caenorhabditis elegans.	Method: microarray|Species: Caenorhabditis elegans|Tissue Specific
WBPaper00040420.ce.mr.paper	Tissue Specific: neuron	Shared gene expression in distinct neurons expressing common selector genes.	Method: microarray|Species: Caenorhabditis elegans|Tissue Specific
WBPaper00042548.ce.mr.paper	Tissue Specific: neuron	Functional analysis of neuronal microRNAs in Caenorhabditis elegans dauer formation by combinational genetics and Neuronal miRISC immunoprecipitation.	Method: microarray|Species: Caenorhabditis elegans|Tissue Specific
WBPaper00048563.ce.mr.paper	Tissue Specific: neuron	Transcriptional Control of Synaptic Remodeling through Regulated Expression of an Immunoglobulin Superfamily Protein.	Method: microarray|Species: Caenorhabditis elegans|Tissue Specific
WBPaper00050344.ce.rs.paper	Tissue Specific: neuron	The tubulin repertoire of C. elegans sensory neurons and its context-dependent role in process outgrowth.	Method: RNAseq|Species: Caenorhabditis elegans|Tissue Specific
WBPaper00046121.ce.rs.paper	Tissue Specific: other	Spatiotemporal transcriptomics reveals the evolutionary history of the endoderm germ layer.	Method: RNAseq|Species: Caenorhabditis elegans|Tissue Specific
WBPaper00013489.ce.mr.paper	Tissue Specific: reproductive system	Identification of C. elegans sensory ray genes using whole-genome expression profiling.	Method: microarray|Species: Caenorhabditis elegans|Topic: sensory organ development
WBPaper00028483.ce.mr.paper	Tissue Specific: reproductive system	MES-4: an autosome-associated histone methyltransferase that participates in silencing the X chromosomes in the C. elegans germ line.	Method: microarray|Species: Caenorhabditis elegans|Topic: gene expression|Tissue Specific
WBPaper00031477.ce.mr.paper	Tissue Specific: reproductive system	DEPS-1 promotes P-granule assembly and RNA interference in C. elegans germ cells.	Method: microarray|Species: Caenorhabditis elegans|Topic: P granule organization|Topic: RNA interference|Tissue Specific
WBPaper00035905.ce.mr.paper	Tissue Specific: reproductive system	Genome-wide analysis of mRNA targets for Caenorhabditis elegans FBF, a conserved stem cell regulator.	Method: microarray|Species: Caenorhabditis elegans|Tissue Specific
WBPaper00037611.ce.mr.paper	Tissue Specific: reproductive system	GLD-2/RNP-8 cytoplasmic poly(A) polymerase is a broad-spectrum regulator of the oogenesis program.	Method: microarray|Species: Caenorhabditis elegans|Tissue Specific
WBPaper00040823.ce.mr.paper	Tissue Specific: reproductive system	The microRNA pathway controls germ cell proliferation and differentiation in C. elegans.	Method: microarray|Species: Caenorhabditis elegans|Tissue Specific
WBPaper00045861.ce.mr.paper	Tissue Specific: reproductive system	The SET-2/SET1 histone H3K4 methyltransferase maintains pluripotency in the Caenorhabditis elegans germline.	Method: microarray|Species: Caenorhabditis elegans|Tissue Specific
WBPaper00045985.ce.rs.paper	Tissue Specific: reproductive system	Functional characterization of C. elegans Y-box-binding proteins reveals tissue-specific functions and a critical role in the formation of polysomes.	Method: RNAseq|Species: Caenorhabditis elegans|Tissue Specific
WBPaper00041549.ce.rs.paper	Tissue Specific: reproductive system	Functional transcriptomics of a migrating cell in Caenorhabditis elegans.	Method: RNAseq|Species: Caenorhabditis elegans|Tissue Specific
WBPaper00005376.ce.mr.paper	vulval development | GO:0040025	Downstream targets of let-60 Ras in Caenorhabditis elegans.	Method: microarray|Species: Caenorhabditis elegans|Topic: vulval development|Topic: vulval cell fate commitment|Topic: vulval cell fate determination|Topic: vulval cell fate specification|Topic: regulation of vulval development|Topic: positive regulation of vulval development|Topic: negative regulation of vulval development
WBPaper00038168.ce.mr.paper	vulval development | GO:0040025	synMuv B proteins antagonize germline fate in the intestine and ensure C. elegans survival.	Method: microarray|Species: Caenorhabditis elegans
WBPaper00048990.ce.mr.paper	vulval development | GO:0040025	The Mediator Kinase Module Restrains Epidermal Growth Factor Receptor Signaling and Represses Vulval Cell Fate Specification in Caenorhabditis elegans.	Method: microarray|Species: Caenorhabditis elegans
WBPaper00000001.sra.rs.paper	unclassified	N.A.	Method: RNAseq|Species: Strongyloides ratti
WBPaper00004966.ce.mr.paper	unclassified	A systematic gene expression screen of Caenorhabditis elegans cytochrome P450 genes reveals CYP35 as strongly xenobiotic inducible.	Method: microarray|Species: Caenorhabditis elegans
WBPaper00005056.ce.mr.paper	unclassified	Regulation of organogenesis by the Caenorhabditis elegans FoxA protein PHA-4.	Method: microarray|Species: Caenorhabditis elegans
WBPaper00005896.ce.mr.paper	unclassified	Transcriptional outputs of the Caenorhabditis elegans forkhead protein DAF-16.	Method: microarray|Species: Caenorhabditis elegans
WBPaper00024654.ce.mr.paper	unclassified	Translation of a small subset of Caenorhabditis elegans mRNAs is dependent on a specific eukaryotic translation initiation factor 4E isoform.	Method: microarray|Species: Caenorhabditis elegans
WBPaper00025032.ce.mr.paper	unclassified	The homeodomain protein PAL-1 specifies a lineage-specific regulatory network in the C. elegans embryo.	Method: microarray|Species: Caenorhabditis elegans|Topic: cell fate specification|Topic: cell differentiation
WBPaper00025192.ce.mr.paper	unclassified	Regulation of tissue-specific and extracellular matrix-related genes by a class I histone deacetylase.	Method: microarray|Species: Caenorhabditis elegans
WBPaper00026714.ce.mr.paper	unclassified	Using microarrays to facilitate positional cloning: identification of tomosyn as an inhibitor of neurosecretion.	Method: microarray|Species: Caenorhabditis elegans
WBPaper00026820.ce.mr.paper	unclassified	Expression profiling of five different xenobiotics using a Caenorhabditis elegans whole genome microarray.	Method: microarray|Species: Caenorhabditis elegans
WBPaper00026952.ce.mr.paper	unclassified	The Caenorhabditis elegans heterochronic regulator LIN-14 is a novel transcription factor that controls the developmental timing of transcription from the insulin/insulin-like growth factor gene ins-33 by direct DNA binding.	Method: microarray|Species: Caenorhabditis elegans
WBPaper00026980.ce.mr.paper	unclassified	Chromosomal clustering and GATA transcriptional regulation of intestine-expressed genes in C. elegans.	Method: microarray|Species: Caenorhabditis elegans|Topic: gene expression|Topic: metabolic process
WBPaper00027104.ce.mr.paper	unclassified	Identification of novel target genes of CeTwist and CeE/DA.	Method: microarray|Species: Caenorhabditis elegans
WBPaper00028788.ce.mr.paper	unclassified	Expression profiling of MAP kinase-mediated meiotic progression in Caenorhabditis elegans.	Method: microarray|Species: Caenorhabditis elegans|Topic: meiosis I|Topic: meiosis II
WBPaper00028809.ce.mr.paper	unclassified	BIR-1, the homologue of human Survivin, regulates expression of developmentally active collagen genes in C. elegans.	Method: microarray|Species: Caenorhabditis elegans
WBPaper00029190.ce.mr.paper	unclassified	Transcriptome profiling of the C. elegans Rb ortholog reveals diverse developmental roles.	Method: microarray|Species: Caenorhabditis elegans
WBPaper00029226.ce.mr.paper	unclassified	Transcriptional repressor and activator activities of SMA-9 contribute differentially to BMP-related signaling outputs.	Method: microarray|Species: Caenorhabditis elegans|Topic: developmental process|Topic: developmental growth|Topic: regulation of developmental growth|Topic: regulation of developmental process|Topic: post-anal tail morphogenesis
WBPaper00029387.ce.mr.paper	unclassified	Cytochrome P450s and short-chain dehydrogenases mediate the toxicogenomic response of PCB52 in the nematode Caenorhabditis elegans.	Method: microarray|Species: Caenorhabditis elegans
WBPaper00031379.ce.mr.paper	unclassified	Metabolic pathway profiling of mitochondrial respiratory chain mutants in C. elegans.	Method: microarray|Species: Caenorhabditis elegans
WBPaper00031525.ce.mr.paper	unclassified	Pairing of competitive and topologically distinct regulatory modules enhances patterned gene expression.	Method: microarray|Species: Caenorhabditis elegans
WBPaper00031832.ce.mr.paper	unclassified	Coordinated regulation of intestinal functions in C. elegans by LIN-35/Rb and SLR-2.	Method: microarray|Species: Caenorhabditis elegans|Topic: metabolic process
WBPaper00032006.ce.rs.paper	unclassified	Transcriptome analysis for Caenorhabditis elegans based on novel expressed sequence tags.	Method: RNAseq|Species: Caenorhabditis elegans
WBPaper00032528.ce.mr.paper	unclassified	Differential chromatin marking of introns and expressed exons by H3K36me3.	Method: microarray|Species: Caenorhabditis elegans
WBPaper00033101.ce.mr.paper	unclassified	A C. elegans LSD1 demethylase contributes to germline immortality by reprogramming epigenetic memory.	Method: microarray|Species: Caenorhabditis elegans|Topic: germ-line stem cell population maintenance|Topic: germ-line stem-cell niche homeostasis|Topic: germ-line stem cell division
WBPaper00033206.ce.mr.paper	unclassified	The polycomb complex protein mes-2/E(z) promotes the transition from developmental plasticity to differentiation in C. elegans embryos.	Method: microarray|Species: Caenorhabditis elegans
WBPaper00033444.ce.mr.paper	unclassified	Caenorhabditis elegans genomic response to soil bacteria predicts environment-specific genetic effects on life history traits.	Method: microarray|Species: Caenorhabditis elegans
WBPaper00034761.ce.mr.paper	unclassified	A multiparameter network reveals extensive divergence between C. elegans bHLH transcription factors.	Method: microarray|Species: Caenorhabditis elegans
WBPaper00035187.cbg.mr.paper	unclassified	Comparison of diverse developmental transcriptomes reveals that coexpression of gene neighbors is not evolutionarily conserved.	Method: microarray|Species: Caenorhabditis briggsae
WBPaper00035187.ce.mr.paper	unclassified	Comparison of diverse developmental transcriptomes reveals that coexpression of gene neighbors is not evolutionarily conserved.	Method: microarray|Species: Caenorhabditis elegans
WBPaper00035197.ce.mr.paper	unclassified	C. elegans dysferlin homolog fer-1 is expressed in muscle, and fer-1 mutations initiate altered gene expression of muscle enriched genes.	Method: microarray|Species: Caenorhabditis elegans|Topic: gene expression|Topic: somatic muscle development
WBPaper00035227.ce.mr.paper	unclassified	Bio-electrospraying the nematode Caenorhabditis elegans: studying whole-genome transcriptional responses and key life cycle parameters.	Method: microarray|Species: Caenorhabditis elegans
WBPaper00035269.ce.mr.paper	unclassified	CDE-1 affects chromosome segregation through uridylation of CSR-1-bound siRNAs.	Method: microarray|Species: Caenorhabditis elegans
WBPaper00036375.ce.mr.paper	unclassified	Time-lapse imaging and cell-specific expression profiling reveal dynamic branching and molecular determinants of a multi-dendritic nociceptor in C. elegans.	Method: microarray|Species: Caenorhabditis elegans|Topic: cell fate specification|Topic: cell differentiation
WBPaper00036429.ce.mr.paper	unclassified	Genome-wide analysis of germ cell proliferation in C.elegans identifies VRK-1 as a key regulator of CEP-1/p53.	Method: microarray|Species: Caenorhabditis elegans
WBPaper00037086.ce.mr.paper	unclassified	Biotin starvation with adequate glucose provision causes paradoxical changes in fuel metabolism gene expression similar in rat (Rattus norvegicus), nematode (Caenorhabditis elegans) and yeast (Saccharomyces cerevisiae).	Method: microarray|Species: Caenorhabditis elegans
WBPaper00037131.ce.mr.paper	unclassified	The histone H3K36 methyltransferase MES-4 acts epigenetically to transmit the memory of germline gene expression to progeny.	Method: microarray|Species: Caenorhabditis elegans
WBPaper00037680.ce.mr.paper	unclassified	Selection at linked sites shapes heritable phenotypic variation in C. elegans.	Method: microarray|Species: Caenorhabditis elegans
WBPaper00037765.ce.mr.paper	unclassified	Different Mi-2 complexes for various developmental functions in Caenorhabditis elegans.	Method: microarray|Species: Caenorhabditis elegans
WBPaper00037849.ce.mr.paper	unclassified	Regulation of C. elegans presynaptic differentiation and neurite branching via a novel signaling pathway initiated by SAM-10.	Method: microarray|Species: Caenorhabditis elegans
WBPaper00037901.ce.mr.paper	unclassified	A quantitative RNA code for mRNA target selection by the germline fate determinant GLD-1.	Method: microarray|Species: Caenorhabditis elegans
WBPaper00039866.ce.mr.paper	unclassified	Transcriptional profiling of C. elegans DAF-19 uncovers a ciliary base-associated protein and a CDK/CCRK/LF2p-related kinase required for intraflagellar transport.	Method: microarray|Species: Caenorhabditis elegans
WBPaper00040185.ce.mr.paper	unclassified	NHR-23 dependent collagen and hedgehog-related genes required for molting.	Method: microarray|Species: Caenorhabditis elegans
WBPaper00040379.ce.rs.paper	unclassified	Wobble base-pairing slows in vivo translation elongation in metazoans.	Method: RNAseq|Species: Caenorhabditis elegans
WBPaper00040730.ce.mr.paper	unclassified	Heme utilization in the Caenorhabditis elegans hypodermal cells is facilitated by heme-responsive gene-2.	Method: microarray|Species: Caenorhabditis elegans
WBPaper00040932.ce.mr.paper	unclassified	lin-28 controls the succession of cell fate choices via two distinct activities.	Method: microarray|Species: Caenorhabditis elegans
WBPaper00040998.ce.mr.paper	unclassified	Coordinate regulation of lipid metabolism by novel nuclear receptor partnerships.	Method: microarray|Species: Caenorhabditis elegans
WBPaper00041010.ce.rs.paper	unclassified	Nutritional control of mRNA isoform expression during developmental arrest and recovery in C. elegans.	Method: RNAseq|Species: Caenorhabditis elegans
WBPaper00041119.ce.rs.paper	unclassified	Multiple insert size paired-end sequencing for deconvolution of complex transcriptomes.	Method: RNAseq|Species: Caenorhabditis elegans
WBPaper00041191.ce.mr.paper	unclassified	Function, targets, and evolution of Caenorhabditis elegans piRNAs.	Method: microarray|Species: Caenorhabditis elegans
WBPaper00041609.ce.mr.paper	unclassified	Transcriptional repression of Hox genes by C. elegans HP1/HPL and H1/HIS-24.	Method: microarray|Species: Caenorhabditis elegans
WBPaper00041697.ce.rs.paper	unclassified	The p38 MAPK PMK-1 shows heat-induced nuclear translocation, supports chaperone expression, and affects the heat tolerance of Caenorhabditis elegans.	Method: RNAseq|Species: Caenorhabditis elegans
WBPaper00042128.ce.mr.paper	unclassified	GEI-8, a homologue of vertebrate nuclear receptor corepressor NCoR/SMRT, regulates gonad development and neuronal functions in Caenorhabditis elegans.	Method: microarray|Species: Caenorhabditis elegans
WBPaper00042178.ce.mr.paper	unclassified	Genome-wide microarrray analysis reveals roles for the REF-1 family member HLH-29 in ferritin synthesis and peroxide stress response.	Method: microarray|Species: Caenorhabditis elegans|Topic: stress response to metal ion
WBPaper00042234.ce.mr.paper	unclassified	Active transcriptomic and proteomic reprogramming in the C. elegans nucleotide excision repair mutant xpa-1.	Method: microarray|Species: Caenorhabditis elegans
WBPaper00042258.ce.mr.paper	unclassified	Diet-induced developmental acceleration independent of TOR and insulin in C. elegans.	Method: microarray|Species: Caenorhabditis elegans
WBPaper00042361.ce.rs.paper	unclassified	Functional transcriptomic analysis of the role of MAB-5/Hox in Q neuroblast migration in Caenorhabditis elegans.	Method: RNAseq|Species: Caenorhabditis elegans
WBPaper00044030.ce.mr.paper	unclassified	The NHR-8 nuclear receptor regulates cholesterol and bile acid homeostasis in C. elegans.	Method: microarray|Species: Caenorhabditis elegans
WBPaper00044786.ce.rs.paper	unclassified	Genome-wide analysis links emerin to neuromuscular junction activity in Caenorhabditis elegans.	Method: RNAseq|Species: Caenorhabditis elegans
WBPaper00044939.ce.mr.paper	unclassified	A variant in the neuropeptide receptor npr-1 is a major determinant of Caenorhabditis elegans growth and physiology.	Method: microarray|Species: Caenorhabditis elegans
WBPaper00045015.ce.mr.paper	unclassified	Defects in the C. elegans acyl-CoA synthase, acs-3, and nuclear hormone receptor, nhr-25, cause sensitivity to distinct, but overlapping stresses.	Method: microarray|Species: Caenorhabditis elegans
WBPaper00045017.ce.rs.paper	unclassified	DRE-1/FBXO11-dependent degradation of BLMP-1/BLIMP-1 governs C. elegans developmental timing and maturation.	Method: RNAseq|Species: Caenorhabditis elegans
WBPaper00045232.ppa.rs.paper	unclassified	Sex-biased gene expression and evolution of the x chromosome in nematodes.	Method: RNAseq|Species: Pristionchus pacificus
WBPaper00045316.ce.rs.paper	unclassified	The influences of PRG-1 on the expression of small RNAs and mRNAs.	Method: RNAseq|Species: Caenorhabditis elegans
WBPaper00045350.ce.rs.paper	unclassified	A pair of RNA-binding proteins controls networks of splicing events contributing to specialization of neural cell types.	Method: RNAseq|Species: Caenorhabditis elegans
WBPaper00045359.ce.rs.paper	unclassified	Paternal RNA contributions in the Caenorhabditis elegans zygote.	Method: RNAseq|Species: Caenorhabditis elegans|Tissue Specific
WBPaper00045618.ce.rs.paper	unclassified	Competence for chemical reprogramming of sexual fate correlates with an intersexual molecular signature in Caenorhabditis elegans.	Method: RNAseq|Species: Caenorhabditis elegans
WBPaper00045705.ce.rs.paper	unclassified	Alternative 3' UTR selection controls PAR-5 homeostasis and cell polarity in C. elegans embryos.	Method: RNAseq|Species: Caenorhabditis elegans
WBPaper00045802.ce.mr.paper	unclassified	Translational control of the oogenic program by components of OMA ribonucleoprotein particles in Caenorhabditis elegans.	Method: microarray|Species: Caenorhabditis elegans
WBPaper00045960.ce.mr.paper	unclassified	Dynamically-expressed prion-like proteins form a cuticle in the pharynx of Caenorhabditis elegans.	Method: microarray|Species: Caenorhabditis elegans
WBPaper00046092.cre.rs.paper	unclassified	Rapid evolution of phenotypic plasticity and shifting thresholds of genetic assimilation in the nematode Caenorhabditis remanei.	Method: RNAseq|Species: Caenorhabditis remanei
WBPaper00046104.ce.mr.paper	unclassified	Defining heterochromatin in C. elegans through genome-wide analysis of the heterochromatin protein 1 homolog HPL-2.	Method: microarray|Species: Caenorhabditis elegans
WBPaper00046217.ce.ms.paper	unclassified	Comparison of proteomic and metabolomic profiles of mutants of the mitochondrial respiratory chain in Caenorhabditis elegans.	Method: proteomics|Species: Caenorhabditis elegans
WBPaper00046643.ce.mr.paper	unclassified	The principle of antagonism ensures protein targeting specificity at the endoplasmic reticulum.	Method: microarray|Species: Caenorhabditis elegans|Topic: mRNA splicing via endonucleolytic cleavage and ligation involved in unfolded protein response|Topic: endoplasmic reticulum unfolded protein response|Topic: endoplasmic reticulum|Topic: mitochondrial unfolded protein response|Topic: mitochondrion
WBPaper00048657.ce.mr.paper	unclassified	Natural Variation in plep-1 Causes Male-Male Copulatory Behavior in C.elegans.	Method: microarray|Species: Caenorhabditis elegans
WBPaper00048762.ce.mr.paper	unclassified	Genomic Analyses of Sperm Fate Regulator Targets Reveal a Common Set of Oogenic mRNAs in Caenorhabditis elegans.	Method: microarray|Species: Caenorhabditis elegans
WBPaper00048771.ce.mr.paper	unclassified	Spatial and temporal translational control of germ cell mRNAs via an eIF4E isoform, IFE-1.	Method: microarray|Species: Caenorhabditis elegans
WBPaper00049336.ce.mr.paper	unclassified	Sleep-active neuron specification and sleep induction require FLP-11 neuropeptides to systemically induce sleep.	Method: microarray|Species: Caenorhabditis elegans
WBPaper00049417.ce.mr.paper	unclassified	The Probiotic Strain Bifidobacterium animalis subsp. lactis CECT 8145 Reduces Fat Content and Modulates Lipid Metabolism and Antioxidant Response in Caenorhabditis elegans.	Method: microarray|Species: Caenorhabditis elegans
WBPaper00050230.ce.rs.paper	unclassified	Comparative genomics of Steinernema reveals deeply conserved gene regulatory networks.	Method: RNAseq|Species: Caenorhabditis elegans
WBPaper00050448.ce.mr.paper	unclassified	FOS-1 functions as a transcriptional activator downstream of the C. elegans JNK homolog KGB-1.	Method: microarray|Species: Caenorhabditis elegans|Topic: stress response to metal ion
WBPaper00051537.ce.mr.paper	unclassified	Fluid dynamics alter Caenorhabditis elegans body length via TGF-/DBL-1 neuromuscular signaling.	Method: microarray|Species: Caenorhabditis elegans
WBPaper00053550.ce.mr.paper	unclassified	An Expanded Role for the RFX Transcription Factor DAF-19, with Dual Functions in Ciliated and Non-ciliated Neurons.	Method: microarray|Species: Caenorhabditis elegans
WBPaper01000000.ovo.rs.paper	unclassified	N.A.	Method: RNAseq|Species: Onchocerca volvulus
WBPaper00049086.bma.rs.paper	developmental time course	The Effect of In Vitro Cultivation on the Transcriptome of Adult Brugia malayi.	
WBPaper00049974.bma.rs.paper	response to chemical | GO:0042221	The Effects of Ivermectin on Brugia malayi Females In Vitro: A Transcriptomic Approach.	
WBPaper00053736.ce.mr.paper	lipid metabolic process | GO:0006629 	Dihomo-gamma-linolenic acid induces fat loss in C. elegans in an omega-3-independent manner by promoting peroxisomal fatty acid -oxidation.	
WBPaper00053737.ce.mr.paper	response to chemical | GO:0042221	Uptake of TiO2 Nanoparticles into C. elegans Neurons Negatively Affects Axonal Growth and Worm Locomotion Behavior.	
WBPaper00053833.ce.mr.paper	aging | GO:0007568	N-acetylcysteine and vitamin E rescue animal longevity and cellular oxidative stress in pre-clinical models of mitochondrial complex I disease.	
WBPaper00051532.ce.ms.paper	lipid metabolic process | GO:0006629	Multi-omics Analyses of Starvation Responses Reveal a Central Role for Lipoprotein Metabolism in Acute Starvation Survival in C.elegans.	
WBPaper00045095.ce.rs.paper	aging | GO:0007568	D-Glucosamine supplementation extends life span of nematodes and of ageing mice.	
WBPaper00045232.ce.rs.paper	gene expression – general	Sex-biased gene expression and evolution of the x chromosome in nematodes.	
WBPaper00045420.ce.rs.paper	gene expression – general	Global characterization of the oocyte-to-embryo transition in Caenorhabditis elegans uncovers a novel mRNA clearance mechanism.	
WBPaper00045464.ce.rs.paper	gene expression – general	Systematic evaluation of spliced alignment programs for RNA-seq data.	
WBPaper00045729.ce.rs.paper	unclassified	The cytoplasmic poly(A) polymerases GLD-2 and GLD-4 promote general gene expression via distinct mechanisms.	
WBPaper00046497.ce.rs.paper	innate immune response | GO:0045087	Overlapping and unique signatures in the proteomic and transcriptomic responses of the nematode Caenorhabditis elegans toward pathogenic Bacillus thuringiensis.	
WBPaper00046691.ce.rs.paper	unclassified	Asymmetric transcript discovery by RNA-seq in C. elegans blastomeres identifies neg-1, a gene important for anterior morphogenesis.	
WBPaper00048621.ovo.rs.paper	disease	Immunoepidemiological profiling of onchocerciasis patients reveals associations with microfilaria loads and ivermectin intake on both individual and community levels.	
